index,Instructor Name,Fitness Discipline,Type,Length (minutes),Title
0,Olivia Amato,Cardio,Music HIIT,15,15 min Pop HIIT Cardio
1,Cody Rigsby,Strength,Arms & Light Weights,10,10 min Arms Toning
2,Jess Sims,Strength,Bodyweight,20,20 min Year of Yes Bodyweight Strength
3,Matty Maggiacomo,Strength,Full Body,30,30 min Calvin Harris Full Body Strength
4,Ben Alldis,Strength,Full Body,20,20 min Full Body Strength
5,Chase Tucker,Strength,Full Body,20,20 min Full Body Strength
6,Ben Alldis,Strength,Upper Body,15,15 min Chest & Back Strength
7,Matty Maggiacomo,Strength,Bodyweight,30,30 min Bodyweight Strength
8,Matty Maggiacomo,Strength,Lower Body,20,20 min Glutes & Legs Strength
9,Rebecca Kennedy,Strength,Core,20,20 min Core Strength
10,Adrian Williams,Strength,Bodyweight,20,20 min Year of Yes Bodyweight Strength
11,Leanne Hainsby,Cycling,Warm Up/Cool Down,5,5 min Warm Up Ride
12,Jess King,Cycling,Intervals,15,15 min HIIT Ride
13,Jenn Sherman,Cycling,Theme,60,60 min Football Pregame Ride
14,Chase Tucker,Strength,Upper Body,10,10 min Arms & Shoulders Strength
15,Sam Yo,Cycling,Music,30,30 min 2010s Ride
16,Sam Yo,Cycling,Low Impact,20,20 min Low Impact Ride
17,Ben Alldis,Strength,Upper Body,15,15 min Chest & Back Strength
18,Andy Speer,Strength,Upper Body,20,20 min Chest & Back Strength
19,Sam Yo,Cycling,Intervals,30,30 min Intervals & Arms Ride
20,Sam Yo,Cycling,Warm Up/Cool Down,10,10 min Cool Down Ride
21,Jess Sims,Stretching,Pre & Post-Ride Stretch,5,5 min Post-Ride Stretch
22,Andy Speer,Strength,Core,20,20 min Core Strength
23,Andy Speer,Stretching,Full Body Stretch,10,10 min Full Body Stretch
24,Jess King,Cycling,Music,20,20 min Latin Ride
25,Alex Toussaint,Cycling,Warm Up/Cool Down,10,10 min Cool Down Ride
26,Adrian Williams,Strength,Upper Body,15,15 min Arms & Shoulders Strength
27,Sam Yo,Cycling,Low Impact,20,20 min Low Impact Ride
28,Jess King,Cycling,Low Impact,20,20 min Low Impact Ride
29,Ben Alldis,Cycling,Warm Up/Cool Down,10,10 min Cool Down Ride
30,Chase Tucker,Strength,Upper Body,20,20 min Arms & Shoulders Strength
31,Adrian Williams,Strength,Upper Body,10,10 min Chest & Back Strength
32,Jess Sims,Stretching,Upper Body Stretch,5,5 min Upper Body Stretch
33,Olivia Amato,Cycling,Power Zone,30,30 min Power Zone Endurance Ride
34,Sam Yo,Cycling,Low Impact,15,15 min Low Impact Ride
35,Jess King,Cycling,Warm Up/Cool Down,5,5 min Cool Down Ride
36,Jess Sims,Stretching,Pre & Post-Ride Stretch,5,5 min Post-Ride Stretch
37,Adrian Williams,Strength,Full Body,20,20 min Full Body Strength
38,Rebecca Kennedy,Strength,Core,5,5 min Core Strength
39,Ben Alldis,Strength,Lower Body,10,10 min Glutes & Legs Strength
40,Jenn Sherman,Cycling,Theme,60,60 min Football Pregame Ride
41,Alex Toussaint,Cycling,Warm Up/Cool Down,10,10 min Cool Down Ride
42,Jess Sims,Stretching,Pre & Post-Ride Stretch,5,5 min Post-Ride Stretch
43,Sam Yo,Cycling,Intervals,30,30 min HIIT & Hills Ride
44,Leanne Hainsby,Cycling,Warm Up/Cool Down,5,5 min Cool Down Ride
45,Leanne Hainsby,Stretching,Pre & Post-Ride Stretch,5,5 min Post-Ride Stretch
46,Selena Samuela,Strength,Full Body,20,20 min Full Body Strength
47,Matty Maggiacomo,Strength,Upper Body,20,20 min Chest & Back Strength
48,Alex Toussaint,Cycling,Music,20,20 min New Tracks Ride
49,Emma Lovewell,Cycling,Low Impact,10,10 min Low Impact Ride
50,Emma Lovewell,Cycling,Warm Up/Cool Down,5,5 min Cool Down Ride
51,Emma Lovewell,Stretching,Pre & Post-Ride Stretch,5,5 min Post-Ride Stretch
52,Sam Yo,Cycling,Music,20,20 min 2010s Ride
53,Emma Lovewell,Cycling,Music,20,20 min EDM Ride
54,Emma Lovewell,Cycling,Warm Up/Cool Down,5,5 min Cool Down Ride
55,Sam Yo,Stretching,Pre & Post-Ride Stretch,5,5 min Post-Ride Stretch
56,Chase Tucker,Strength,Upper Body,10,10 min Arms & Shoulders Strength
57,Matty Maggiacomo,Strength,Upper Body,10,10 min Arms & Shoulders Strength
58,Jess Sims,Stretching,Upper Body Stretch,5,5 min Arms & Shoulders Stretch
59,Jess King,Cycling,Music,45,45 min House Ride
60,Sam Yo,Cycling,Warm Up/Cool Down,5,5 min Cool Down Ride
61,Emma Lovewell,Stretching,Pre & Post-Ride Stretch,5,5 min Post-Ride Stretch
62,Emma Lovewell,Strength,Core,5,5 min Core Strength
63,Chase Tucker,Strength,Full Body,20,20 min Full Body Strength
64,Jess King,Cycling,Theme,30,30 min The Jess King Experience
65,Emma Lovewell,Cycling,Warm Up/Cool Down,5,5 min Cool Down Ride
66,Emma Lovewell,Stretching,Pre & Post-Ride Stretch,5,5 min Post-Ride Stretch
67,,Cycling,Scenic Ride,10,10 min San Francisco Scenic Ride
68,Sam Yo,Cycling,Intervals,45,45 min HIIT & Hills Ride
69,Emma Lovewell,Cycling,Warm Up/Cool Down,5,5 min Cool Down Ride
70,Leanne Hainsby,Stretching,Pre & Post-Ride Stretch,5,5 min Post-Ride Stretch
71,Emma Lovewell,Strength,Core,5,5 min Core Strength
72,Matty Maggiacomo,Strength,Upper Body,30,30 min Chest & Back Strength
73,,Cycling,Scenic Ride,15,15 min Redwood State Park Scenic Ride
74,Ally Love,Cycling,Intervals,30,30 min Tabata Ride
75,Ally Love,Cycling,Warm Up/Cool Down,5,5 min Cool Down Ride
76,Ally Love,Stretching,Pre & Post-Ride Stretch,5,5 min Post-Ride Stretch
77,Hannah Frankson,Cycling,Intervals,30,30 min HIIT & Hills Ride
78,Emma Lovewell,Cycling,Warm Up/Cool Down,5,5 min Cool Down Ride
79,Emma Lovewell,Stretching,Pre & Post-Ride Stretch,5,5 min Post-Ride Stretch
80,Matt Wilpers,Cycling,Music,30,30 min Tiesto Ride
81,Sam Yo,Cycling,Warm Up/Cool Down,5,5 min Cool Down Ride
82,Sam Yo,Stretching,Pre & Post-Ride Stretch,5,5 min Post-Ride Stretch
83,Matt Wilpers,Cycling,Power Zone,20,20 min FTP Test Ride
84,Denis Morton,Cycling,Power Zone,10,10 min FTP Warm Up Ride
85,Denis Morton,Cycling,Power Zone,20,20 min FTP Test Ride
86,Sam Yo,Cycling,Low Impact,20,20 min Low Impact Ride
87,Sam Yo,Cycling,Warm Up/Cool Down,5,5 min Cool Down Ride
88,Sam Yo,Stretching,Pre & Post-Ride Stretch,5,5 min Post-Ride Stretch
89,Chase Tucker,Strength,Upper Body,15,15 min Arms & Shoulders Strength
90,Ben Alldis,Strength,Upper Body,10,10 min Arms & Shoulders Strength
91,,Cycling,Scenic Ride,10,10 min Switzerland Scenic Ride
92,Jess King,Cycling,Music,30,30 min J Balvin Ride
93,Alex Toussaint,Cycling,Warm Up/Cool Down,10,10 min Cool Down Ride
94,Alex Toussaint,Stretching,Pre & Post-Ride Stretch,5,5 min Post-Ride Stretch
95,Andy Speer,Strength,Upper Body,30,30 min Upper Body Strength
96,Andy Speer,Strength,Upper Body,20,20 min Chest & Back Strength
97,Olivia Amato,Cycling,Intervals,30,30 min HIIT & Hills Ride
98,Olivia Amato,Cycling,Warm Up/Cool Down,10,10 min Cool Down Ride
99,,Cycling,Scenic Ride,10,10 min New Zealand Scenic Ride
100,Kendall Toole,Stretching,Pre & Post-Ride Stretch,5,5 min Post-Ride Stretch
101,Adrian Williams,Strength,Upper Body,30,30 min Upper Body Strength
102,Olivia Amato,Strength,Core,10,10 min Core Strength
103,Adrian Williams,Stretching,Full Body Stretch,10,10 min Full Body Stretch
104,Alex Toussaint,Cycling,Music,30,30 min 2000s Ride
105,Alex Toussaint,Cycling,Warm Up/Cool Down,5,5 min Cool Down Ride
106,Alex Toussaint,Stretching,Pre & Post-Ride Stretch,5,5 min Post-Ride Stretch
107,Olivia Amato,Cycling,Power Zone,30,30 min Power Zone Endurance Ride
108,Alex Toussaint,Cycling,Warm Up/Cool Down,5,5 min Cool Down Ride
109,Hannah Frankson,Stretching,Pre & Post-Ride Stretch,5,5 min Post-Ride Stretch
110,Ben Alldis,Strength,Upper Body,20,20 min Upper Body Strength
111,Rebecca Kennedy,Stretching,Upper Body Stretch,10,10 min Upper Body Stretch
112,Ally Love,Cycling,Intervals,20,20 min Tabata Ride
113,Emma Lovewell,Cycling,Warm Up/Cool Down,5,5 min Cool Down Ride
114,Sam Yo,Stretching,Pre & Post-Ride Stretch,5,5 min Post-Ride Stretch
115,Kendall Toole,Cycling,Music,30,30 min Megan Thee Stallion Ride
116,Sam Yo,Cycling,Warm Up/Cool Down,10,10 min Cool Down Ride
117,Kendall Toole,Stretching,Pre & Post-Ride Stretch,5,5 min Post-Ride Stretch
118,Adrian Williams,Strength,Lower Body,30,30 min Glutes & Legs Strength
119,Adrian Williams,Stretching,Lower Body Stretch,5,5 min Lower Body Stretch
120,Aditi Shah,Yoga,Slow Flow,30,30 min Slow Flow
121,Aditi Shah,Meditation,Mindfulness,10,10 min Body Scan Meditation
122,Rebecca Kennedy,Strength,Warm Up,10,10 min Upper Body Strength Warm Up
123,Rebecca Kennedy,Strength,Upper Body,20,20 min Upper Body Strength
124,Rebecca Kennedy,Strength,Core,20,20 min Core Strength
125,Rebecca Kennedy,Stretching,Upper Body Stretch,10,10 min Upper Body Stretch
126,Ally Love,Cycling,Music,30,30 min New Tracks Ride
127,Alex Toussaint,Cycling,Warm Up/Cool Down,5,5 min Cool Down Ride
128,Ben Alldis,Stretching,Pre & Post-Ride Stretch,5,5 min Post-Ride Stretch
129,Ally Love,Cycling,Music,30,30 min Post Malone Ride
130,Olivia Amato,Cycling,Warm Up/Cool Down,5,5 min Cool Down Ride
131,Sam Yo,Stretching,Pre & Post-Ride Stretch,5,5 min Post-Ride Stretch
132,,Cycling,Scenic Ride,15,15 min Mount St. Helens Scenic Ride
133,,Cycling,Scenic Ride,10,10 min Switzerland Scenic Ride
134,Ally Love,Cycling,Intervals,30,30 min HIIT & Hills Ride
135,Ben Alldis,Cycling,Warm Up/Cool Down,5,5 min Cool Down Ride
136,Kendall Toole,Stretching,Pre & Post-Ride Stretch,5,5 min Post-Ride Stretch
137,Chase Tucker,Strength,Upper Body,20,20 min Chest & Back Strength
138,Kendall Toole,Cycling,Intervals,45,45 min Intervals & Arms Ride
139,Cody Rigsby,Cycling,Warm Up/Cool Down,10,10 min Cool Down Ride
140,Olivia Amato,Stretching,Pre & Post-Ride Stretch,5,5 min Post-Ride Stretch
141,Alex Toussaint,Cycling,Music,30,30 min Hip Hop Ride
142,Jess King,Cycling,Warm Up/Cool Down,5,5 min Cool Down Ride
143,Sam Yo,Stretching,Pre & Post-Ride Stretch,5,5 min Post-Ride Stretch
144,Hannah Frankson,Cycling,Intervals,30,30 min HIIT & Hills Ride
145,Leanne Hainsby,Cycling,Warm Up/Cool Down,5,5 min Cool Down Ride
146,Ben Alldis,Stretching,Pre & Post-Ride Stretch,5,5 min Post-Ride Stretch
147,Kendall Toole,Cycling,Intervals,30,30 min HIIT & Hills Ride
148,Kendall Toole,Cycling,Warm Up/Cool Down,5,5 min Cool Down Ride
149,Hannah Frankson,Stretching,Pre & Post-Ride Stretch,5,5 min Post-Ride Stretch
150,Tunde Oyeneyin,Cycling,Music,30,30 min Ms. Lauryn Hill Ride
151,Tunde Oyeneyin,Cycling,Warm Up/Cool Down,5,5 min Cool Down Ride
152,Ben Alldis,Stretching,Pre & Post-Ride Stretch,5,5 min Post-Ride Stretch
153,Olivia Amato,Cycling,Power Zone,30,30 min Power Zone Endurance Pop Ride
154,Leanne Hainsby,Stretching,Pre & Post-Ride Stretch,5,5 min Post-Ride Stretch
155,Chase Tucker,Strength,Upper Body,10,10 min Arms & Shoulders Strength
156,Andy Speer,Strength,Upper Body,10,10 min Chest & Back Strength
157,Alex Toussaint,Cycling,Theme,30,30 min Club Bangers Ride
158,Kendall Toole,Cycling,Warm Up/Cool Down,5,5 min Cool Down Ride
159,Ally Love,Stretching,Pre & Post-Ride Stretch,5,5 min Post-Ride Stretch
160,Emma Lovewell,Cycling,Intervals,30,30 min Intervals & Arms Ride
161,Emma Lovewell,Cycling,Warm Up/Cool Down,5,5 min Cool Down Ride
162,Ben Alldis,Stretching,Pre & Post-Ride Stretch,5,5 min Post-Ride Stretch
163,Olivia Amato,Cycling,Intervals,30,30 min HIIT & Hills Ride
164,Olivia Amato,Cycling,Warm Up/Cool Down,5,5 min Cool Down Ride
165,Olivia Amato,Stretching,Pre & Post-Ride Stretch,5,5 min Post-Ride Stretch
166,Jess Sims,Running,Music,30,30 min Spotify We Everywhere Run
167,Aditi Shah,Yoga,Slow Flow,20,20 min Slow Flow
168,Hannah Frankson,Cycling,Music,30,30 min EDM Ride
169,Kendall Toole,Cycling,Warm Up/Cool Down,10,10 min Cool Down Ride
170,Olivia Amato,Stretching,Pre & Post-Ride Stretch,5,5 min Post-Ride Stretch
171,Jess King,Cycling,Theme,45,45 min Sweat Steady Ride
172,Hannah Frankson,Cycling,Warm Up/Cool Down,10,10 min Cool Down Ride
173,Ben Alldis,Stretching,Pre & Post-Ride Stretch,5,5 min Post-Ride Stretch
174,Matt Wilpers,Cycling,Power Zone,30,30 min Power Zone Endurance Hip Hop Ride
175,Sam Yo,Cycling,Warm Up/Cool Down,5,5 min Cool Down Ride
176,Sam Yo,Stretching,Pre & Post-Ride Stretch,5,5 min Post-Ride Stretch
177,Erik Jager,Cycling,Theme,30,30 min WHM Latin Ride
178,Sam Yo,Cycling,Warm Up/Cool Down,5,5 min Cool Down Ride
179,Adrian Williams,Strength,Full Body,20,20 min Hip Hop Full Body Strength
180,Hannah Corbin,Cycling,Intervals,30,30 min Intervals & Arms Ride
181,Jess King,Cycling,Warm Up/Cool Down,5,5 min Cool Down Ride
182,Ally Love,Stretching,Pre & Post-Ride Stretch,5,5 min Post-Ride Stretch
183,Ally Love,Cycling,Intervals,30,30 min HIIT & Hills Ride
184,Ally Love,Cycling,Warm Up/Cool Down,5,5 min Cool Down Ride
185,Olivia Amato,Stretching,Pre & Post-Ride Stretch,5,5 min Post-Ride Stretch
186,Andy Speer,Strength,Upper Body,20,20 min Upper Body Strength
187,Ally Love,Cycling,Intervals,30,30 min Tabata Ride
188,Hannah Frankson,Cycling,Warm Up/Cool Down,5,5 min Cool Down Ride
189,Chase Tucker,Strength,Full Body,20,20 min Hip Hop Full Body Strength
190,Alex Toussaint,Cycling,Theme,30,30 min AT's Ride to Greatness
191,Bradley Rose,Cycling,Warm Up/Cool Down,5,5 min Cool Down Ride
192,Jess King,Cycling,Music,30,30 min House Ride
193,Olivia Amato,Cycling,Warm Up/Cool Down,5,5 min Cool Down Ride
194,Emma Lovewell,Cycling,Intervals,45,45 min Intervals & Arms Ride
195,Kendall Toole,Cycling,Low Impact,30,30 min Low Impact Ride
196,Alex Toussaint,Cycling,Theme,30,30 min Club Bangers Ride
197,Ally Love,Cycling,Warm Up/Cool Down,5,5 min Cool Down Ride
198,Ally Love,Stretching,Pre & Post-Ride Stretch,5,5 min Post-Ride Stretch
199,Ally Love,Cycling,Intervals,30,30 min HIIT & Hills Ride
200,Ally Love,Cycling,Warm Up/Cool Down,5,5 min Cool Down Ride
201,Matt Wilpers,Cycling,Power Zone,45,45 min Power Zone Endurance Ride
202,,Cycling,Scenic Ride,10,10 min San Francisco Scenic Ride
203,Kendall Toole,Cycling,Intervals,30,30 min Intervals & Arms Ride
204,Hannah Frankson,Cycling,Warm Up/Cool Down,10,10 min Cool Down Ride
205,Ben Alldis,Strength,Lower Body,20,20 min Glutes & Legs Strength
206,Selena Samuela,Stretching,Lower Body Stretch,5,5 min Glutes & Legs Stretch
207,Cody Rigsby,Cycling,Music,30,30 min Bad Bunny Ride
208,Jess King,Cycling,Music,30,30 min Verzuz Ride
209,Ally Love,Cycling,Theme,60,60 min Feel Good Ride
210,Jess King,Cycling,Music,30,30 min Hip Hop Ride
211,Kendall Toole,Cycling,Warm Up/Cool Down,5,5 min Cool Down Ride
212,Jess King,Cycling,Music,20,20 min Latin Ride
213,Olivia Amato,Cycling,Power Zone,30,30 min Power Zone Endurance Pop Ride
214,Sam Yo,Cycling,Warm Up/Cool Down,5,5 min Cool Down Ride
215,Sam Yo,Stretching,Pre & Post-Ride Stretch,5,5 min Post-Ride Stretch
216,Ally Love,Cycling,Music,30,30 min Hip Hop Ride
217,Leanne Hainsby,Cycling,Warm Up/Cool Down,5,5 min Cool Down Ride
218,Jess King,Stretching,Pre & Post-Ride Stretch,5,5 min Post-Ride Stretch
219,Kendall Toole,Cycling,Intervals,30,30 min HIIT & Hills Ride
220,Matt Wilpers,Cycling,Warm Up/Cool Down,5,5 min Cool Down Ride
221,Matt Wilpers,Stretching,Pre & Post-Ride Stretch,5,5 min Post-Ride Stretch
222,Olivia Amato,Strength,Warm Up,10,10 min Full Body Strength Warm Up
223,Matty & Olivia ,Strength,Bodyweight,30,30 min Bodyweight Strength
224,Tunde Oyeneyin,Cycling,Beginner,20,20 min Beginner Ride
225,Kendall Toole,Cycling,Theme,30,30 min Mental Health Awareness Ride
226,Denis Morton,Cycling,Warm Up/Cool Down,10,10 min Cool Down Ride
227,Olivia Amato,Strength,Warm Up,10,10 min Full Body Strength Warm Up
228,Matty & Olivia ,Strength,Bodyweight,30,30 min Bodyweight Strength
229,Matty Maggiacomo,Stretching,Full Body Stretch,10,10 min Full Body Stretch
230,Emma Lovewell,Cycling,Low Impact,20,20 min Low Impact Ride
231,Ben Alldis,Cycling,Warm Up/Cool Down,5,5 min Cool Down Ride
232,Olivia Amato,Strength,Warm Up,10,10 min Full Body Strength Warm Up
233,Matty Maggiacomo,Strength,Bodyweight,30,30 min Bodyweight Strength
234,Matty Maggiacomo,Stretching,Full Body Stretch,10,10 min Full Body Stretch
235,Matt Wilpers,Cycling,Power Zone,15,15 min Intro to Power Zone Ride
236,Matt Wilpers,Cycling,Power Zone,20,20 min Power Zone Beginner Ride
237,Olivia Amato,Strength,Warm Up,10,10 min Full Body Strength Warm Up
238,Olivia Amato,Strength,Bodyweight,30,30 min Bodyweight Strength
239,Matty Maggiacomo,Stretching,Full Body Stretch,10,10 min Full Body Stretch
240,Denis Morton,Cycling,Power Zone,10,10 min FTP Warm Up Ride
241,Denis Morton,Cycling,Power Zone,20,20 min FTP Test Ride
242,Sam Yo,Cycling,Warm Up/Cool Down,5,5 min Cool Down Ride
243,Christine D'Ercole,Cycling,Power Zone,30,30 min Power Zone Endurance Ride
244,Matt Wilpers,Cycling,Warm Up/Cool Down,5,5 min Cool Down Ride
245,Matt Wilpers,Stretching,Pre & Post-Ride Stretch,5,5 min Post-Ride Stretch
246,Matt Wilpers,Cycling,Low Impact,20,20 min Low Impact Ride
247,Ross Rayburn,Meditation,Relax & Sleep,5,5 min Intro to Sleep Meditation
248,Aditi Shah,Meditation,Relax & Sleep,5,5 min Sleep Meditation
249,Olivia Amato,Cycling,Power Zone,30,30 min Power Zone Endurance Ride
250,Hannah Frankson,Cycling,Warm Up/Cool Down,5,5 min Cool Down Ride
251,Kendall Toole,Stretching,Pre & Post-Ride Stretch,5,5 min Post-Ride Stretch
252,Ross Rayburn,Meditation,Relax & Sleep,5,5 min Savasana Meditation
253,Matt Wilpers,Cycling,Power Zone,30,30 min Power Zone Hip Hop Ride
254,Ben Alldis,Cycling,Warm Up/Cool Down,5,5 min Cool Down Ride
255,Denis Morton,Cycling,Power Zone,45,45 min Power Zone Endurance Ride
256,Christine D'Ercole,Cycling,Power Zone,30,30 min Power Zone Ride
257,Hannah Corbin,Cycling,Warm Up/Cool Down,5,5 min Cool Down Ride
258,Ben Alldis,Stretching,Pre & Post-Ride Stretch,5,5 min Post-Ride Stretch
259,Matt Wilpers,Cycling,Power Zone,45,45 min Power Zone Ride
260,Matt Wilpers,Cycling,Warm Up/Cool Down,5,5 min Cool Down Ride
261,Denis Morton,Cycling,Power Zone,30,30 min Power Zone Endurance 80s Ride
262,Ben Alldis,Cycling,Warm Up/Cool Down,5,5 min Cool Down Ride
263,Olivia Amato,Cycling,Power Zone,45,45 min Power Zone Endurance Ride
264,Hannah Corbin,Cycling,Warm Up/Cool Down,5,5 min Cool Down Ride
265,Denis Morton,Cycling,Power Zone,45,45 min Power Zone Ride
266,Sam Yo,Cycling,Warm Up/Cool Down,5,5 min Cool Down Ride
267,Denis Morton,Stretching,Pre & Post-Ride Stretch,5,5 min Post-Ride Stretch
268,Olivia Amato,Strength,Warm Up,10,10 min Full Body Strength Warm Up
269,Matty & Olivia ,Strength,Bodyweight,30,30 min Bodyweight Strength
270,Matty Maggiacomo,Stretching,Full Body Stretch,10,10 min Full Body Stretch
271,,Cycling,Scenic Ride,None,5 KM Monterey Peninsula Ride
272,Olivia Amato,Cycling,Power Zone,45,45 min Power Zone Ride
273,Olivia Amato,Cycling,Warm Up/Cool Down,5,5 min Cool Down Ride
274,Sam Yo,Stretching,Pre & Post-Ride Stretch,5,5 min Post Ride Stretch
275,Christine D'Ercole,Cycling,Power Zone,30,30 min Power Zone Endurance Ride
276,Olivia Amato,Strength,Warm Up,10,10 min Full Body Strength Warm Up
277,Olivia Amato,Strength,Bodyweight,30,30 min Bodyweight Strength
278,Matt Wilpers,Cycling,Power Zone,60,60 min Power Zone Endurance Ride
279,Denis Morton,Cycling,Power Zone,45,45 min Power Zone Endurance Ride
280,Olivia Amato,Strength,Warm Up,10,10 min Full Body Strength Warm Up
281,Matty Maggiacomo,Strength,Bodyweight,30,30 min Bodyweight Strength
282,Matty Maggiacomo,Stretching,Full Body Stretch,10,10 min Full Body Stretch
283,Matt Wilpers,Cycling,Low Impact,20,20 min Low Impact Ride
284,Christine D'Ercole,Cycling,Power Zone,30,30 min Power Zone Endurance Rock Ride
285,Sam Yo,Cycling,Warm Up/Cool Down,5,5 min Cool Down Ride
286,Olivia Amato,Strength,Warm Up,10,10 min Full Body Strength Warm Up
287,Olivia Amato,Strength,Bodyweight,30,30 min Bodyweight Strength
288,Olivia Amato,Cycling,Power Zone,30,30 min Power Zone Endurance Pop Ride
289,Matt Wilpers,Cycling,Power Zone,15,15 min FTP Warm Up Ride
290,Matt Wilpers,Cycling,Power Zone,20,20 min FTP Test Ride
291,Hannah Corbin,Cycling,Warm Up/Cool Down,5,5 min Cool Down Ride
292,Olivia Amato,Strength,Warm Up,10,10 min Full Body Strength Warm Up
293,Matty Maggiacomo,Strength,Bodyweight,30,30 min Bodyweight Strength
294,Matty Maggiacomo,Stretching,Full Body Stretch,10,10 min Full Body Stretch
295,Kendall Toole,Cycling,Intervals,45,45 min HIIT & Hills Ride
296,Ben Alldis,Cycling,Warm Up/Cool Down,10,10 min Cool Down Ride
297,Matt Wilpers,Cycling,Power Zone,30,30 min Power Zone Endurance Ride
298,Matt Wilpers,Cycling,Warm Up/Cool Down,5,5 min Cool Down Ride
299,Olivia Amato,Strength,Warm Up,10,10 min Full Body Strength Warm Up
300,Olivia Amato,Strength,Bodyweight,30,30 min Bodyweight Strength
301,Matty Maggiacomo,Stretching,Full Body Stretch,10,10 min Full Body Stretch
302,Alex Toussaint,Cycling,Music,30,30 min Hip Hop Ride
303,Alex Toussaint,Cycling,Warm Up/Cool Down,5,5 min Cool Down Ride
304,Adrian Williams,Strength,Core,10,10 min Core Strength
305,Chase Tucker,Strength,Upper Body,20,20 min Arms & Shoulders Strength
306,Ben Alldis,Stretching,Upper Body Stretch,5,5 min Upper Body Stretch
307,Adrian Williams,Strength,Upper Body,20,20 min Chest & Back Strength
308,Ben Alldis,Stretching,Upper Body Stretch,5,5 min Upper Body Stretch
309,Olivia Amato,Strength,Warm Up,10,10 min Full Body Strength Warm Up
310,Matty & Olivia ,Strength,Full Body,30,30 min Full Body Strength
311,Matty Maggiacomo,Stretching,Full Body Stretch,10,10 min Full Body Stretch
312,Ally Love,Cycling,Music,30,30 min Hip Hop Ride
313,Ally Love,Cycling,Warm Up/Cool Down,5,5 min Cool Down Ride
314,Jess King,Running,Music,30,30 min Pop Run
315,Jess King,Running,Music,30,30 min Pop Run
316,Olivia Amato,Strength,Warm Up,10,10 min Full Body Strength Warm Up
317,Olivia Amato,Strength,Full Body,30,30 min Full Body Strength
318,Matty Maggiacomo,Stretching,Full Body Stretch,10,10 min Full Body Stretch
319,Emma Lovewell,Cycling,Intervals,30,30 min Intervals & Arms Ride
320,Emma Lovewell,Cycling,Warm Up/Cool Down,5,5 min Cool Down Ride
321,Rad Lopez,Strength,Upper Body,20,20 min Chest & Back Strength
322,Rad Lopez,Strength,Upper Body,15,15 min Arms & Shoulders Strength
323,Kendall Toole,Cycling,Music,30,30 min Hip Hop Ride
324,Rad Lopez,Strength,Full Body,20,20 min Premiere Full Body Strength
325,Adrian Williams,Stretching,Full Body Stretch,10,10 min Full Body Stretch
326,Olivia Amato,Strength,Warm Up,10,10 min Full Body Strength Warm Up
327,Matty Maggiacomo,Strength,Upper Body,30,30 min Upper Body Strength
328,Matt Wilpers,Cycling,Power Zone,30,30 min Power Zone Endurance Hip Hop Ride
329,Rad Lopez,Strength,Lower Body,20,20 min AFO Glutes & Legs: WizKid
330,Matty Maggiacomo,Stretching,Full Body Stretch,10,10 min Full Body Stretch
331,Olivia Amato,Strength,Warm Up,10,10 min Full Body Strength Warm Up
332,Olivia Amato,Strength,Lower Body,30,30 min Glutes & Legs Strength
333,Matty Maggiacomo,Stretching,Full Body Stretch,10,10 min Full Body Stretch
334,Jess King,Stretching,Pre & Post-Run Stretch,5,5 min Pre-Run Warm Up
335,Chase Tucker,Running,Music,30,30 min Latin Run
336,Alex Toussaint,Cycling,Music,30,30 min AFO Ride: Migos
337,Alex Toussaint,Cycling,Warm Up/Cool Down,5,5 min Cool Down Ride
338,Olivia Amato,Strength,Warm Up,10,10 min Full Body Strength Warm Up
339,Matty Maggiacomo,Strength,Full Body,30,30 min Full Body Strength
340,Matty Maggiacomo,Stretching,Full Body Stretch,10,10 min Full Body Stretch
341,Selena Samuela,Running,Theme,30,30 min Global Running Day Celebration
342,Selena Samuela,Strength,Upper Body,10,10 min Upper Body Strength
343,Sam Yo,Cycling,Intervals,20,20 min Intervals Ride
344,Sam Yo,Cycling,Warm Up/Cool Down,5,5 min Cool Down Ride
345,Rad Lopez,Strength,Upper Body,20,20 min Chest & Back Strength
346,Anna Greenberg,Meditation,Relax & Sleep,10,10 min Relaxing Meditation
347,Olivia Amato,Strength,Warm Up,10,10 min Full Body Strength Warm Up
348,Matty Maggiacomo,Strength,Upper Body,30,30 min Upper Body Strength
349,Matty Maggiacomo,Stretching,Full Body Stretch,10,10 min Full Body Stretch
350,Denis Morton,Cycling,Power Zone,30,30 min Power Zone Ride
351,Andy Speer,Strength,Upper Body,20,20 min Arms & Shoulders Strength
352,Matty Maggiacomo,Running,Music,30,30 min EDM Run
353,Matty Maggiacomo,Running,Music,30,30 min EDM Run
354,Olivia Amato,Strength,Warm Up,10,10 min Full Body Strength Warm Up
355,Olivia Amato,Strength,Lower Body,30,30 min Glutes & Legs Strength
356,Kendall Toole,Cycling,Intervals,20,20 min HIIT Ride
357,Matty Maggiacomo,Stretching,Full Body Stretch,10,10 min Full Body Stretch
358,Olivia Amato,Strength,Warm Up,10,10 min Full Body Strength Warm Up
359,Matty & Olivia ,Strength,Full Body,30,30 min Full Body Strength
360,Matty Maggiacomo,Stretching,Full Body Stretch,10,10 min Full Body Stretch
361,Hannah Corbin,Cycling,Music,20,20 min Latin Ride
362,Emma Lovewell,Cycling,Warm Up/Cool Down,5,5 min Cool Down Ride
363,Rad Lopez,Strength,Lower Body,20,20 min Glutes & Legs Strength
364,Hannah Frankson,Cycling,Low Impact,20,20 min Low Impact Ride
365,Rad Lopez,Strength,Full Body,20,20 min Full Body Strength
366,Matt Wilpers,Stretching,Full Body Stretch,10,10 min AFO Full Body: Thomas Rhett
367,Callie Gullickson,Strength,Core,10,10 min Core Strength
368,Olivia Amato,Running,Intervals,20,20 min Intervals Run
369,Chase Tucker,Strength,Upper Body,20,20 min Arms & Shoulders Strength
370,Kendall Toole,Cycling,Intervals,30,30 min HIIT Ride
371,Kendall Toole,Cycling,Warm Up/Cool Down,5,5 min Cool Down Ride
372,Rad Lopez,Strength,Upper Body,20,20 min Upper Body Strength
373,Sam Yo,Cycling,Intervals,30,30 min HIIT & Hills Ride
374,Ally Love,Cycling,Warm Up/Cool Down,5,5 min Cool Down Ride
375,Matty Maggiacomo,Strength,Lower Body,20,20 min Glutes & Legs Strength
376,Matty Maggiacomo,Running,Music,20,20 min Pop Run
377,Ally Love,Cycling,Intervals,30,30 min Intervals & Arms Ride
378,Sam Yo,Cycling,Warm Up/Cool Down,5,5 min Cool Down Ride
379,Chase Tucker,Strength,Upper Body,20,20 min Chest & Back Strength
380,Selena Samuela,Running,Music,30,30 min Hip Hop Run
381,Andy Speer,Strength,Upper Body,20,20 min Arms & Shoulders Strength
382,Olivia Amato,Cycling,Intervals,20,20 min Tabata Ride
383,Leanne Hainsby,Cycling,Warm Up/Cool Down,5,5 min Cool Down Ride
384,Kendall Toole,Cycling,Intervals,30,30 min Intervals & Arms Ride
385,Rad Lopez,Strength,Upper Body,20,20 min Chest & Back Strength
386,Rebecca Kennedy,Running,Music,30,30 min 90s Dance Run
387,Chase Tucker,Strength,Upper Body,20,20 min Arms & Shoulders Strength
388,Rad Lopez,Strength,Core,10,10 min Core Strength
389,Kendall Toole,Cycling,Music,20,20 min New Tracks Ride
390,Rad Lopez,Strength,Lower Body,20,20 min Glutes & Legs Strength
391,Anna Greenberg,Yoga,Flow,20,20 min Yoga Flow
392,Olivia Amato,Running,Intervals,20,20 min Intervals Run
393,Kristin McGee,Yoga,Theme,30,30 min Morning Yoga Flow
394,Adrian Williams,Strength,Bodyweight,20,20 min Bodyweight Strength
395,Alex Toussaint,Cycling,Intervals,20,20 min HIIT Ride
396,Alex Toussaint,Cycling,Warm Up/Cool Down,5,5 min Cool Down Ride
397,Rad Lopez,Strength,Upper Body,10,10 min Arms & Shoulders Strength
398,Rad Lopez,Strength,Core,10,10 min Core Strength
399,Becs Gentry,Running,Music,30,30 min Rock Run
400,Matty Maggiacomo,Strength,Upper Body,20,20 min Chest & Back Strength
401,Ally Love,Cycling,Intervals,20,20 min Tabata Ride
402,Ally Love,Cycling,Warm Up/Cool Down,5,5 min Cool Down Ride
403,Callie Gullickson,Strength,Lower Body,20,20 min Glutes & Legs Strength
404,Andy Speer,Strength,Core,10,10 min Core Strength
405,Selena Samuela,Running,Music,30,30 min Classic Rock Run
406,Adrian Williams,Strength,Full Body,30,30 min Full Body Strength
407,Ben Alldis,Stretching,Full Body Stretch,10,10 min MOS Ibiza Chillout Full Body
408,Chase Tucker,Strength,Upper Body,20,20 min Arms & Shoulders Strength
409,Chelsea Jackson Roberts,Yoga,Restorative,20,20 min Restorative
410,Mariana Fernandez,Yoga,Theme,20,20 min Evening Yoga Flow
411,Andy Speer,Strength,Upper Body,20,20 min Chest & Back Strength
412,Selena Samuela,Stretching,Full Body Stretch,15,15 min Mood Full Body Stretch: Calm
413,Ross Rayburn,Meditation,Relax & Sleep,5,5 min Intro to Sleep Meditation
414,Aditi Shah,Meditation,Relax & Sleep,5,5 min Sleep Meditation
415,Selena Samuela,Running,Intervals,30,30 min Intervals Run
416,Selena Samuela,Strength,Lower Body,20,20 min Glutes & Legs Strength
417,Selena Samuela,Stretching,Lower Body Stretch,10,10 min Lower Body Stretch
418,Kristin McGee,Yoga,Restorative,15,15 min Restorative
419,Kristin McGee,Yoga,Restorative,15,15 min Restorative
420,Ross Rayburn,Meditation,Relax & Sleep,5,5 min Savasana Meditation
421,Ally Love,Cycling,Theme,20,20 min Feel Good Ride
422,Olivia Amato,Cycling,Warm Up/Cool Down,10,10 min Cool Down Ride
423,Rad Lopez,Strength,Full Body,30,30 min Full Body Strength
424,Ben Alldis,Stretching,Full Body Stretch,10,10 min AFO Full Body: Gorgon City
425,Anna Greenberg,Meditation,Relax & Sleep,5,5 min Sleep Meditation
426,Alex Toussaint,Cycling,Music,30,30 min Hip Hop Ride
427,Kristin McGee,Yoga,Restorative,15,15 min Restorative
428,Kristin McGee,Meditation,Relax & Sleep,5,5 min Sleep Meditation
429,Selena Samuela,Running,Intervals,30,30 min Intervals Run
430,Rad Lopez,Strength,Core,10,10 min Core Strength
431,Matty Maggiacomo,Strength,Upper Body,20,20 min Arms & Shoulders Strength
432,Aditi Shah,Meditation,Relax & Sleep,5,5 min Sleep Meditation
433,Ross Rayburn,Yoga,Focus Flow,20,20 min Focus Flow: Core
434,Rad Lopez,Strength,Upper Body,20,20 min Chest & Back Strength
435,Hannah Corbin,Stretching,Upper Body Stretch,10,10 min Foam Rolling: Chest & Back
436,Anna Greenberg,Meditation,Relax & Sleep,5,5 min Sleep Meditation
437,Matty Maggiacomo,Running,Music,30,30 min Broadway Run
438,Robin Arzon,Strength,Lower Body,20,20 min Glutes & Legs Strength
439,Ross Rayburn,Meditation,Relax & Sleep,10,10 min Sleep Meditation
440,Leanne Hainsby,Cycling,Music,30,30 min Tropical House Ride
441,Kristin McGee,Meditation,Relax & Sleep,5,5 min Sleep Meditation
442,Rebecca Kennedy,Running,Music,20,20 min House Run
443,Rad Lopez,Strength,Core,10,10 min Core Strength
444,Selena Samuela,Strength,Full Body,30,30 min Full Body Strength
445,Aditi Shah,Meditation,Relax & Sleep,10,10 min Sleep Meditation
446,Rad Lopez,Strength,Bodyweight,20,20 min Bodyweight Strength
447,Rad Lopez,Strength,Upper Body,10,10 min Arms & Shoulders Strength
448,Alex Toussaint,Cycling,Intervals,30,30 min HIIT Ride
449,Matt Wilpers,Cycling,Warm Up/Cool Down,5,5 min Cool Down Ride
450,Olivia Amato,Stretching,Pre & Post-Ride Stretch,5,5 min Post-Ride Stretch
451,Anna Greenberg,Meditation,Relax & Sleep,10,10 min Savasana Meditation
452,Ross Rayburn,Meditation,Relax & Sleep,10,10 min Sleep Meditation
453,Denis Morton,Yoga,Flow,20,20 min Yoga Flow
454,Chase Tucker,Running,Music,30,30 min Latin Run
455,Rad Lopez,Strength,Core,10,10 min Core Strength
456,Rad Lopez,Strength,Upper Body,20,20 min Chest & Back Strength
457,Aditi Shah,Meditation,Relax & Sleep,10,10 min Sleep Meditation
458,Daniel McKenna,Strength,Lower Body,20,20 min Glutes & Legs Strength
459,Anna Greenberg,Meditation,Relax & Sleep,10,10 min Sleep Meditation
460,Cody Rigsby,Cycling,Intervals,30,30 min Intervals & Arms Ride
461,Adrian Williams,Strength,Lower Body,20,20 min Glutes & Legs Strength
462,Aditi Shah,Meditation,Audio Only,20,20 min Sleep Meditation
463,Becs Gentry,Running,Intervals,30,30 min Intervals Run
464,Alex Toussaint,Cycling,Theme,30,30 min Club Bangers Ride
465,Alex Toussaint,Cycling,Warm Up/Cool Down,5,5 min Cool Down Ride
466,Chase Tucker,Strength,Upper Body,20,20 min Upper Body Strength
467,Selena Samuela,Running,Intervals,20,20 min HIIT Run
468,Matty Maggiacomo,Strength,Upper Body,20,20 min Chest & Back Strength
469,Rad Lopez,Strength,Core,10,10 min Core Strength
470,Matty Maggiacomo,Running,Music,30,30 min EDM Run
471,Chase Tucker,Strength,Upper Body,20,20 min Arms & Shoulders Strength
472,Robin Arzon,Cycling,Intervals,20,20 min HIIT Ride
473,Rad Lopez,Strength,Lower Body,20,20 min Glutes & Legs Strength
474,Ross Rayburn,Meditation,Relax & Sleep,10,10 min Sleep Meditation
475,Callie Gullickson,Strength,Core,10,10 min Core Strength
476,Rebecca Kennedy,Running,Music,20,20 min Hip Hop Run
477,Rad Lopez,Strength,Upper Body,30,30 min Upper Body Strength
478,Rebecca Kennedy,Running,Intervals,30,30 min Intervals Run
479,Olivia Amato,Cycling,Music,30,30 min EDM Ride
480,Jess King,Cycling,Warm Up/Cool Down,5,5 min Cool Down Ride
481,Matty Maggiacomo,Strength,Core,10,10 min Core Strength
482,Rad Lopez,Strength,Full Body,20,20 min Full Body Strength
483,Emma Lovewell,Cycling,Groove,30,30 min Groove Ride
484,Jess King,Running,Music,30,30 min Pop Run
485,Rad Lopez,Strength,Upper Body,20,20 min Upper Body Strength
486,Aditi Shah,Yoga,Theme,20,20 min Evening Yoga Flow
487,Olivia Amato,Strength,Core,10,10 min Core Strength
488,Chase Tucker,Strength,Upper Body,20,20 min Chest & Back Strength
489,Matt Wilpers,Running,Intervals,20,20 min Intervals Run
490,Alex Toussaint,Cycling,Intervals,30,30 min Tabata Ride
491,Chase Tucker,Running,Music,30,30 min Latin Run
492,Rebecca Kennedy,Running,Intervals,30,30 min Intervals Run
493,Rebecca Kennedy,Strength,Core,10,10 min Core Strength
494,Rad Lopez,Strength,Upper Body,10,10 min Arms & Shoulders Strength
495,Emma Lovewell,Cycling,Music,30,30 min Tropical House Ride
496,Chase Tucker,Strength,Upper Body,30,30 min Chest & Back Strength
497,Mariana Fernandez,Yoga,Theme,30,30 min Mexican Independence Flow
498,Selena Samuela,Running,Music,30,30 min Hip Hop Run
499,Rad Lopez,Strength,Core,10,10 min Core Strength
500,Jess Sims,Strength,Full Body,30,30 min Full Body Strength
501,Selena Samuela,Running,Intervals,30,30 min Intervals Run
502,Denis Morton,Cycling,Theme,30,30 min LHM: Fresh Friday Ride
503,Hannah Corbin,Cycling,Intervals,20,20 min HIIT Ride
504,Denis Morton,Yoga,Slow Flow,20,20 min Slow Flow
505,Rad Lopez,Strength,Core,5,5 min Core Strength
506,Rad Lopez,Strength,Lower Body,20,20 min Glutes & Legs Strength
507,Matty Maggiacomo,Running,Intervals,20,20 min You Can Run: Walk + Run
508,Robin Arzon,Running,Music,20,20 min Pop Run
509,Ben Alldis,Strength,Upper Body,15,15 min Arms & Shoulders Strength
510,Rebecca Kennedy,Strength,Core,20,20 min Core Strength
511,Ben Alldis,Strength,Upper Body,15,15 min Arms & Shoulders Strength
512,Rad Lopez,Strength,Full Body,30,30 min Ozuna Full Body
513,Selena Samuela,Running,Intervals,20,20 min HIIT Run
514,Anna Greenberg,Meditation,Audio Only,10,10 min Sleep Meditation
515,Adrian Williams,Strength,Core,10,10 min Core Strength
516,Rad Lopez,Strength,Upper Body,20,20 min Chest & Back Strength
517,Selena Samuela,Running,Music,30,30 min Hip Hop Run
518,Kristin McGee,Meditation,Relax & Sleep,10,10 min Sleep Meditation
519,Jess King,Cycling,Music,30,30 min Ozuna Ride
520,Ben Alldis,Strength,Core,10,10 min Core Strength
521,Chase Tucker,Strength,Lower Body,20,20 min Glutes & Legs Strength
522,Becs Gentry,Running,Intervals,30,30 min Intervals Run
523,Andy Speer,Strength,Resistance Bands,20,20 min Resistance Bands: Upper Body
524,Adrian Williams,Strength,Core,10,10 min Core Strength
525,Rad Lopez,Strength,Upper Body,10,10 min Arms & Shoulders Strength
526,Anna Greenberg,Meditation,Audio Only,10,10 min Sleep Meditation
527,Kendall Toole,Cycling,Intervals,30,30 min HIIT & Hills Ride
528,Rebecca Kennedy,Strength,Core,10,10 min Core Strength
529,Daniel McKenna,Strength,Lower Body,20,20 min Glutes & Legs Strength
530,Chelsea Jackson Roberts,Yoga,Restorative,15,15 min Restorative
531,Becs Gentry,Running,Intervals,30,30 min Intervals Run
532,Rad Lopez,Strength,Core,5,5 min LHM Core Strength
533,Adrian Williams,Strength,Upper Body,20,20 min Chest & Back Strength
534,Chase Tucker,Running,Music,30,30 min Latin Run
535,Rad Lopez,Strength,Full Body,30,30 min Full Body Strength
536,Selena Samuela,Running,Intervals,20,20 min HIIT Run
537,Robin Arzon,Strength,Core,10,10 min LHM Celebration Core Strength
538,Chase Tucker,Strength,Upper Body,20,20 min LHM Upper Body Strength
539,Jess King,Running,Music,30,30 min Pop Run
540,Robin Arzon,Running,Theme,20,20 min LHM Celebration Run
541,Olivia Amato,Strength,Core,20,20 min Core Strength
542,Selena Samuela,Strength,Lower Body,20,20 min Glutes & Legs Strength
543,Adrian Williams,Running,Music,30,30 min 2010s Run
544,Robin Arzon,Stretching,Lower Body Stretch,10,10 min Lower Body Stretch
545,Chase Tucker,Strength,Bodyweight,20,20 min Bodyweight Strength
546,Rad Lopez,Strength,Upper Body,10,10 min Arms & Shoulders Strength
547,Olivia Amato,Running,Music,20,20 min Hip Hop Run
548,Andy Speer,Strength,Core,5,5 min Core Strength
549,Adrian Williams,Strength,Upper Body,20,20 min Chest & Back Strength
550,Jess King,Cycling,Intervals,30,30 min HIIT Ride
551,Camila Ramon,Cycling,Warm Up/Cool Down,5,5 min Cool Down Ride
552,Matty Maggiacomo,Running,Music,30,30 min EDM Run
553,Chelsea Jackson Roberts,Meditation,Audio Only,5,5 min Sleep Meditation
554,Camila Ramon,Cycling,Music,30,30 min Bad Bunny Ride
555,Rad Lopez,Strength,Core,5,5 min Core Strength
556,Jess Sims,Strength,Upper Body,20,20 min Arms & Shoulders Strength
557,Robin Arzon,Cycling,Music,20,20 min Karol G Ride
558,Hannah Corbin,Cycling,Warm Up/Cool Down,5,5 min Cool Down Ride
559,Rad Lopez,Strength,Core,10,10 min Core Strength
560,Daniel McKenna,Strength,Upper Body,20,20 min Chest & Back Strength
561,Ben Alldis,Stretching,Upper Body Stretch,5,5 min Upper Body Stretch
562,Mariana Fernandez,Yoga,Music,30,30 min Bad Bunny Power Yoga
563,Aditi Shah,Meditation,Relax & Sleep,10,10 min Sleep Meditation
564,Selena Samuela,Running,Theme,30,30 min Global Running Day Celebration
565,Rad Lopez,Strength,Core,5,5 min Core Strength
566,Callie Gullickson,Strength,Lower Body,20,20 min Glutes & Legs Strength
567,Ally Love,Cycling,Intervals,30,30 min Intervals & Arms Ride
568,Camila Ramon,Cycling,Theme,20,20 min LHM Celebration Ride
569,Callie Gullickson,Strength,Core,10,10 min Core Strength
570,Rad Lopez,Strength,Full Body,30,30 min Full Body Strength
571,Camila Ramon,Cycling,Music,30,30 min EDM Ride
572,Andy Speer,Strength,Core,5,5 min Core Strength
573,Callie Gullickson,Strength,Upper Body,20,20 min Arms & Shoulders Strength
574,Selena Samuela,Running,Music,30,30 min Hip Hop Run
575,Kendall Toole,Cycling,Intervals,30,30 min HIIT Ride
576,Bradley Rose,Cycling,Warm Up/Cool Down,5,5 min Cool Down Ride
577,Olivia Amato,Strength,Core,5,5 min Core Strength
578,Andy Speer,Strength,Upper Body,20,20 min Upper Body Strength
579,Selena Samuela,Strength,Core,5,5 min Core Strength
580,Rad Lopez,Strength,Upper Body,20,20 min Chest & Back Strength
581,Alex Toussaint,Cycling,Theme,30,30 min Club Bangers Ride
582,Rad Lopez,Strength,Core,5,5 min Core Strength
583,Chase Tucker,Strength,Resistance Bands,20,20 min Resistance Bands: Full Body
584,Chelsea Jackson Roberts,Meditation,Audio Only,5,5 min Sleep Meditation
585,Olivia Amato,Cycling,Power Zone,30,30 min Power Zone Ride
586,Callie Gullickson,Strength,Bodyweight,10,10 min Bodyweight Strength
587,Ben Alldis,Strength,Lower Body,20,20 min Glutes & Legs Strength
588,Sam Yo,Cycling,Theme,30,30 min Halloween Ride
589,Robin Arzon,Strength,Core,20,20 min Core Strength
590,Ben Alldis,Strength,Upper Body,10,10 min Arms & Shoulder Strength
591,Robin Arzon,Cycling,Music,20,20 min Karol G Ride
592,Ben Alldis,Strength,Bodyweight,10,10 min Bodyweight Strength
593,Rad Lopez,Strength,Upper Body,20,20 min Chest & Back Strength
594,Callie Gullickson,Strength,Core,10,10 min Core Strength
595,Kirra Michel,Yoga,Flow,20,20 min Yoga Flow
596,Becs Gentry,Running,Endurance,20,20 min Recovery Run
597,Rad Lopez,Strength,Full Body,30,30 min Full Body Strength
598,Ally Love,Cycling,Music,20,20 min New Tracks Ride
599,Camila Ramon,Cycling,Warm Up/Cool Down,5,5 min Cool Down Ride
600,Kendall Toole,Cycling,Intervals,30,30 min Intervals & Arms Ride
601,Callie Gullickson,Strength,Core,5,5 min Core Strength
602,Rad Lopez,Strength,Upper Body,20,20 min Upper Body Strength
603,Robin Arzon,Cycling,Low Impact,20,20 min Low Impact Ride
604,Rad Lopez,Strength,Core,20,20 min Core Strength
605,Callie Gullickson,Strength,Upper Body,10,10 min Arms & Shoulders Strength
606,Robin Arzon,Cycling,Intervals,30,30 min HIIT & Hills Ride
607,Rebecca Kennedy,Strength,Core,5,5 min Core Strength
608,Matty Maggiacomo,Strength,Upper Body,20,20 min Chest & Back Strength
609,Emma Lovewell,Cycling,Intervals,30,30 min Intervals & Arms Ride
610,Emma Lovewell,Strength,Core,10,10 min Core Strength
611,Olivia Amato,Strength,Lower Body,10,10 min Glutes & Legs Strength
612,Leanne Hainsby,Cycling,Music,30,30 min Spotify Today's Top Hits Ride
613,Chelsea Jackson Roberts,Yoga,Music,30,30 min Spotify Lofi Beats Yoga Flow
614,Rad Lopez,Strength,Core,5,5 min Core Strength
615,Rad Lopez,Strength,Upper Body,20,20 min Upper Body Strength
616,Hannah Frankson,Cycling,Music,20,20 min R&B Ride
617,Olivia Amato,Cycling,Intervals,30,30 min HIIT & Hills Ride
618,Andy Speer,Strength,Core,5,5 min Core Strength
619,Chase Tucker,Strength,Upper Body,20,20 min Chest & Back Strength
620,Robin Arzon,Running,Intervals,20,20 min Intervals Run
621,Matty Maggiacomo,Strength,Core,10,10 min Core Strength
622,Rad Lopez,Strength,Upper Body,20,20 min Arms & Shoulders Strength
623,Matt Wilpers,Running,Music,30,30 min Pop Run
624,Matty Maggiacomo,Running,Music,30,30 min Aussie Pop Run
625,Selena Samuela,Strength,Core,5,5 min Core Strength
626,Chase Tucker,Strength,Resistance Bands,20,20 min Resistance Bands: Full Body
627,Becs Gentry,Running,Music,30,30 min Aussie Rock Run
628,Leanne Hainsby,Cycling,Music,30,30 min Pop Ride
629,Chase Tucker,Running,Music,30,30 min Latin Run
630,Ben Alldis,Strength,Core,10,10 min Core Strength
631,Rad Lopez,Strength,Upper Body,20,20 min Upper Body Strength
632,Camila Ramon,Cycling,Intervals,30,30 min HIIT & Hills Ride
633,Rebecca Kennedy,Strength,Core,5,5 min Core Strength
634,Ben Alldis,Strength,Upper Body,20,20 min Arms & Shoulders Strength
635,Matt Wilpers,Running,Music,30,30 min Pop Run
636,Ally Love,Cycling,Music,30,30 min Hip Hop Ride
637,Rebecca Kennedy,Strength,Core,10,10 min Core Strength
638,Matty Maggiacomo,Strength,Upper Body,20,20 min Upper Body Strength
639,Rad Lopez,Strength,Upper Body,20,20 min Chest & Back Strength
640,Becs Gentry,Running,Intervals,30,30 min Intervals Run
641,Emma Lovewell,Strength,Core,5,5 min Core Strength
642,Ben Alldis,Strength,Lower Body,20,20 min Glutes & Legs Strength
643,Rebecca Kennedy,Running,Music,20,20 min Aussie Dance Run
644,Emma Lovewell,Strength,Core,10,10 min Core Strength
645,Chase Tucker,Strength,Full Body,20,20 min Full Body Strength
646,Becs Gentry,Running,Intervals,30,30 min HIIT Run
647,Daniel McKenna,Stretching,Pre & Post-Run Stretch,10,10 min Post-Run Stretch
648,Callie Gullickson,Strength,Core,5,5 min Core Strength
649,Callie Gullickson,Strength,Upper Body,20,20 min Arms & Shoulders Strength
650,Robin Arzon,Running,Music,20,20 min Pop Run
651,,Cycling,,20,20 min Lanebreak Ride
652,Sam Yo,Cycling,Low Impact,10,10 min Low Impact Ride
653,Andy Speer,Strength,Core,5,5 min Core Strength
654,Rad Lopez,Strength,Upper Body,20,20 min Chest & Back Strength
655,Olivia Amato,Running,Music,45,45 min EDM Run
656,Robin Arzon,Strength,Core,10,10 min Core Strength
657,Robin Arzon,Strength,Full Body,20,20 min Pop Full Body Strength
658,,Cycling,,10,10 min Lanebreak Ride
659,Robin Arzon,Cycling,Intervals,30,30 min HIIT & Hills Ride
660,Robin Arzon,Strength,Core,5,5 min Core Strength
661,Ben Alldis,Strength,Upper Body,20,20 min Upper Body Strength
662,Matty Maggiacomo,Running,Theme,45,45 min Turkey Trot
663,,Cycling,,10,10 min Lanebreak Ride
664,Alex Toussaint,Cycling,Theme,30,30 min Club Bangers Ride
665,Olivia Amato,Running,Music,45,45 min EDM Run
666,Matt Wilpers,Running,Music,30,30 min Pop Run
667,Ben Alldis,Cycling,Intervals,30,30 min HIIT & Hills Ride
668,Callie Gullickson,Strength,Core,5,5 min Core Strength
669,Rad Lopez,Strength,Upper Body,20,20 min Arms & Shoulders Strength
670,Rebecca Kennedy,Running,Music,45,45 min Hip Hop Run
671,Rad Lopez,Strength,Core,10,10 min Core Strength
672,Rad Lopez,Strength,Lower Body,20,20 min Glutes & Legs Strength
673,Selena Samuela,Running,Intervals,30,30 min Intervals Run
674,Kendall Toole,Cycling,Music,30,30 min Pop Ride
675,Adrian Williams,Strength,Core,5,5 min Core Strength
676,Matty Maggiacomo,Strength,Upper Body,20,20 min Chest & Back Strength
677,Alex Toussaint,Cycling,Music,20,20 min Hip Hop Ride
678,Chase Tucker,Running,Music,30,30 min Latin Run
679,Rad Lopez,Strength,Core,10,10 min Core Strength
680,Ben Alldis,Strength,Upper Body,20,20 min Arms & Shoulder Strength
681,Becs Gentry,Running,Endurance,60,60 min Marathon Race Prep
682,Rad Lopez,Strength,Core,5,5 min Core Strength
683,Adrian Williams,Strength,Upper Body,20,20 min Chest & Back Strength
684,Kendall Toole,Cardio,Shadowboxing,20,20 min Boxing Basics
685,Rad Lopez,Cardio,Shadowboxing,20,20 min Boxing Basics: Combinations
686,Selena Samuela,Cardio,Shadowboxing,20,20 min Boxing Basics: Footwork
687,Andy Speer,Strength,Upper Body,20,20 min Chest & Back Strength
688,Marcel Dinkins,Running,Music,30,30 min Hip Hop Run
689,Rad Lopez,Cardio,Shadowboxing,20,20 min Boxing Basics: Defense
690,Jess Sims,Strength,Upper Body,20,20 min Arms & Shoulders Strength
691,Olivia Amato,Running,Music,45,45 min EDM Run
692,Kendall Toole,Cardio,Shadowboxing,20,20 min Boxing Basics
693,Rebecca Kennedy,Strength,Upper Body,20,20 min Arms & Shoulders Strength
694,Ally Love,Cycling,Music,20,20 min Hip Hop Ride
695,Callie Gullickson,Strength,Core,5,5 min Core Strength
696,Rebecca Kennedy,Strength,Bodyweight,20,20 min Disney Bodyweight Strength
697,Robin Arzon,Cycling,Theme,30,30 min Holiday Vacation Ride
698,Kendall Toole,Cardio,Shadowboxing,5,5 min Full Body Warm Up
699,Selena Samuela,Cardio,Shadowboxing,30,30 min Shadowboxing
700,Emma Lovewell,Strength,Core,10,10 min Core Strength
701,Mariana Fernandez,Yoga,Flow,20,20 min Yoga Flow
702,Becs Gentry,Running,Music,60,60 min Pop Run
703,Selena Samuela,Stretching,Full Body Stretch,5,5 min Full Body Stretch
704,Kendall Toole,Cardio,Shadowboxing,5,5 min Full Body Warm Up
705,Rad Lopez,Cardio,Shadowboxing,30,30 min Shadowboxing
706,Selena Samuela,Stretching,Full Body Stretch,5,5 min Full Body Stretch
707,Kendall Toole,Cardio,Shadowboxing,5,5 min Full Body Warm Up
708,Kendall Toole,Cardio,Shadowboxing,30,30 min Shadowboxing
709,Selena Samuela,Stretching,Full Body Stretch,5,5 min Full Body Stretch
710,Olivia Amato,Cycling,Intervals,30,30 min Tabata Ride
711,Emma Lovewell,Strength,Core,10,10 min Core Strength
712,Matty Maggiacomo,Strength,Upper Body,30,30 min Chest & Back Strength
713,Rebecca Kennedy,Running,Theme,30,30 min Holiday Run
714,Ben Alldis,Strength,Core,10,10 min Core Strength
715,Adrian Williams,Strength,Upper Body,15,15 min Stacking Stuffer Arms & Shoulders
716,Robin Arzon,Strength,Core,10,10 min Core Strength
717,Rad Lopez,Strength,Lower Body,10,10 min Glutes & Legs Strength
718,,Cycling,,10,10 min Lanebreak Ride
719,Camila Ramon,Cycling,Theme,30,30 min Nochebuena Ride
720,Rad Lopez,Strength,Core,10,10 min Core Strength
721,Adrian Williams,Strength,Upper Body,30,30 min Chest & Back Strength
722,Chelsea Jackson Roberts,Yoga,Theme,30,30 min Morning Yoga Flow
723,Kendall Toole,Cycling,Music,20,20 min Pop Punk Ride
724,Robin Arzon,Strength,Core,10,10 min Core Strength
725,Rad Lopez,Strength,Upper Body,10,10 min Arms & Shoulders Strength
726,Matty Maggiacomo,Strength,Core,10,10 min Core Strength
727,Adrian Williams,Strength,Lower Body,10,10 min Glutes & Legs Strength
728,Joslyn Thompson Rule,Stretching,Pre & Post-Run Stretch,10,10 min Post-Run Stretch
729,Becs Gentry,Running,Intervals,30,30 min Intervals Run
730,Kendall Toole,Cycling,Intervals,20,20 min HIIT Ride
731,Matt Wilpers,Cycling,Warm Up/Cool Down,5,5 min Cool Down Ride
732,Emma Lovewell,Strength,Core,5,5 min Core Strength
733,Ben Alldis,Strength,Upper Body,10,10 min Arms & Shoulders Strength
734,Rebecca Kennedy,Strength,Core,5,5 min Core Strength
735,Adrian Williams,Strength,Upper Body,30,30 min Chest & Back Strength
736,Kendall Toole,Cycling,Intervals,30,30 min Intervals & Arms Ride
737,Callie Gullickson,Strength,Core,10,10 min Core Strength
738,Daniel McKenna,Strength,Upper Body,20,20 min Upper Body Strength
739,Kendall Toole,Cycling,Music,30,30 min Hip Hop Ride
740,Emma Lovewell,Strength,Core,5,5 min Core Strength
741,Rebecca Kennedy,Strength,Lower Body,20,20 min Glutes & Legs Strength
742,Callie Gullickson,Strength,Core,10,10 min Core Strength
743,Rebecca Kennedy,Strength,Upper Body,10,10 min Arms & Shoulders Strength
744,Ally Love,Cycling,Music,30,30 min Pop Ride
745,Matty Maggiacomo,Strength,Upper Body,30,30 min Upper Body Strength
746,Olivia Amato,Cycling,Intervals,30,30 min HIIT & Hills Ride
747,Jess King,Cycling,Music,30,30 min J Balvin Ride
748,Selena Samuela,Strength,Core,10,10 min Core Strength
749,Rad Lopez,Strength,Upper Body,10,10 min Arms & Shoulders Strength
750,Camila Ramon,Cycling,Music,20,20 min Reggaeton Ride
751,Alex Toussaint,Cycling,Warm Up/Cool Down,5,5 min Cool Down Ride
752,Daniel McKenna,Strength,Core,5,5 min Core Strength
753,Callie Gullickson,Strength,Upper Body,20,20 min Chest & Back Strength
754,Camila Ramon,Cycling,Intervals,30,30 min HIIT Ride
755,Chase Tucker,Strength,Core,10,10 min Core Strength
756,Chase Tucker,Strength,Lower Body,20,20 min Glutes & Legs Strength
757,Rad Lopez,Cardio,Shadowboxing,20,20 min Boxing Basics: Combinations
758,Rad Lopez,Strength,Upper Body,20,20 min Arms & Shoulders Strength
759,Alex Toussaint,Cycling,Intervals,30,30 min HIIT & Hills Ride
760,Rad Lopez,Strength,Core,5,5 min Core Strength
761,Rad Lopez,Strength,Upper Body,20,20 min Chest & Back Strength
762,Selena Samuela,Cardio,Shadowboxing,20,20 min Boxing Basics: Footwork
763,Ally Love,Cycling,Theme,30,30 min Feel Good Ride
764,Selena Samuela,Strength,Bodyweight,10,10 min Bodyweight Strength
765,Rad Lopez,Strength,Upper Body,20,20 min Chest & Back Strength
766,Robin Arzon,Strength,Core,5,5 min Core Strength
767,Rad Lopez,Cardio,Shadowboxing,20,20 min Boxing Basics: Defense
768,Ally Love,Cycling,Intervals,45,45 min Intervals & Arms Ride
769,Rad Lopez,Strength,Core,5,5 min Core Strength
770,Adrian Williams,Strength,Upper Body,20,20 min Arms & Shoulders Strength
771,Rad Lopez,Cardio,Shadowboxing,30,30 min EMINEM Shadowboxing
772,Camila Ramon,Cycling,Music,30,30 min Todo Ritmo Ride
773,Callie Gullickson,Strength,Core,10,10 min Core Strength
774,Daniel McKenna,Strength,Upper Body,20,20 min Chest & Back Strength
775,Denis Morton,Cycling,Music,30,30 min EMINEM Ride
776,Andy Speer,Strength,Core,5,5 min Core Strength
777,Selena Samuela,Strength,Lower Body,20,20 min Glutes & Legs Strength
778,Chase Tucker,Strength,Core,10,10 min Core Strength
779,Selena Samuela,Cardio,Shadowboxing,20,20 min Shadowboxing
780,Rad Lopez,Strength,Core,10,10 min Core Strength
781,Ben Alldis,Strength,Upper Body,10,10 min Arms & Shoulders Strength
782,Rad Lopez,Strength,Core,10,10 min Core Strength
783,Adrian Williams,Strength,Upper Body,10,10 min Arms & Shoulders Strength
784,Kendall Toole,Cycling,Music,30,30 min Hip Hop Ride
785,Rad Lopez,Strength,Upper Body,30,30 min Chest & Back Strength
786,Rad Lopez,Strength,Core,10,10 min Core Strength
787,Kendall Toole,Cycling,Intervals,30,30 min HIIT Ride
788,Callie Gullickson,Strength,Core,5,5 min Core Strength
789,Adrian Williams,Strength,Upper Body,20,20 min Swizz Beatz Arms & Shoulders
790,Hannah Corbin,Cycling,Intervals,30,30 min Intervals & Arms Ride
791,Rad Lopez,Strength,Core,10,10 min Core Strength
792,Matty Maggiacomo,Strength,Upper Body,20,20 min Chest & Back Strength
793,Jess King,Cycling,Music,30,30 min New Tracks Ride
794,Robin Arzon,Strength,Core,5,5 min Core Strength
795,Rad Lopez,Strength,Lower Body,10,10 min Glutes & Legs Strength
796,Callie Gullickson,Strength,Core,5,5 min Core Strength
797,Rad Lopez,Strength,Upper Body,20,20 min Arms & Shoulders Strength
798,Selena Samuela,Strength,Core,5,5 min Core Strength
799,Olivia Amato,Cycling,Intervals,30,30 min Intervals & Arms Ride
800,Ben Alldis,Strength,Core,10,10 min Core Strength
801,Kendall Toole,Cycling,Music,30,30 min Hip Hop Ride
802,Daniel McKenna,Strength,Core,20,20 min Core Strength